Nombre,Fecha,Hora
Carlos H,2026-01-14,19:39:09
Carlos H,2026-01-14,19:39:14
Carlos H,2026-01-14,19:39:20
Carlos H,2026-01-14,19:39:25
Carlos 2,2026-01-14,20:42:58
Carlos 2,2026-01-14,20:43:03
Carlos 2,2026-01-14,20:43:09
adrian,2026-01-27,16:35:34
adrian,2026-01-27,16:35:39
adrian,2026-01-27,16:35:44
adrian,2026-01-27,16:35:51
adrian,2026-01-27,16:35:56
adrian,2026-01-27,16:36:01
adrian,2026-01-27,16:37:25
adrian,2026-01-27,16:37:40
adrian,2026-01-27,16:49:04
adrian,2026-01-27,16:49:10
